Time(ms),Raw_R,Raw_G,Raw_B,StdDev,V1_Norm,Peak_Diff,Calculated_BPM
1779237951625,122.39,31.10,128.75,0.31,0.004,0,0.0
1779237951649,122.31,31.06,128.74,0.32,0.003,0,0.0
1779237951683,122.20,31.05,128.75,0.32,0.002,0,0.0
1779237951717,122.00,31.03,128.76,0.34,0.002,0,0.0
1779237951750,121.75,30.99,128.77,0.38,0.001,0,0.0
1779237951790,121.67,30.98,128.76,0.42,0.000,0,0.0
1779237951817,122.37,31.20,128.75,0.41,0.000,0,0.0
1779237951850,122.29,31.56,128.73,0.42,0.002,0,0.0
1779237951886,122.40,31.09,128.78,0.42,0.003,0,0.0
1779237951919,122.39,31.68,128.75,0.42,0.004,0,0.0
1779237951957,122.45,31.70,128.76,0.42,0.004,0,0.0
1779237951989,122.49,31.42,128.76,0.42,0.005,0,0.0
1779237952022,122.66,31.54,128.76,0.42,0.005,0,0.0
1779237952056,122.73,31.65,128.77,0.42,0.006,0,0.0
1779237952091,122.79,31.76,128.78,0.42,0.006,0,0.0
1779237952126,122.87,31.86,128.79,0.42,0.007,0,0.0
1779237952152,122.92,31.95,128.78,0.41,0.007,0,0.0
1779237952187,122.97,32.03,128.81,0.40,0.007,0,0.0
1779237952221,122.98,32.09,128.80,0.39,0.008,0,0.0
1779237952254,123.02,32.15,128.82,0.37,0.008,0,0.0
1779237952292,123.20,32.28,128.83,0.39,0.007,0,0.0
1779237952323,123.26,32.42,128.83,0.40,0.008,0,0.0
1779237952353,123.28,32.55,128.83,0.42,0.008,0,0.0
1779237952384,123.37,32.69,128.83,0.44,0.008,0,0.0
1779237952423,122.59,32.01,128.83,0.44,0.007,0,0.0
1779237952460,122.49,31.73,128.84,0.43,0.004,0,0.0
1779237952491,122.14,31.32,128.82,0.44,0.004,0,0.0
1779237952525,121.95,31.12,128.79,0.45,0.002,0,0.0
1779237952553,121.90,31.08,128.78,0.46,0.001,0,0.0
1779237952584,121.74,31.02,128.78,0.48,0.000,0,0.0
1779237952619,121.74,31.03,128.78,0.50,0.000,0,0.0
1779237952651,121.66,31.13,128.80,0.52,0.000,0,0.0
1779237952689,122.34,31.46,128.77,0.52,0.001,0,0.0
1779237952720,122.39,31.08,128.78,0.51,0.002,0,0.0
1779237952753,122.43,31.10,128.78,0.49,0.005,0,0.0
1779237952787,122.45,31.68,128.77,0.47,0.005,0,0.0
1779237952822,122.44,31.68,128.76,0.47,0.005,0,0.0
1779237952858,122.49,31.36,128.76,0.47,0.006,0,0.0
1779237952886,122.49,31.38,128.77,0.47,0.006,0,0.0
1779237952921,122.55,31.43,128.77,0.46,0.006,0,0.0
1779237952967,122.60,31.53,128.77,0.46,0.006,0,0.0
1779237952991,122.69,31.64,128.78,0.46,0.006,0,0.0
1779237953026,122.75,31.75,128.79,0.46,0.007,0,0.0
1779237953051,122.78,31.84,128.79,0.47,0.007,0,0.0
1779237953090,122.85,31.96,128.80,0.47,0.007,0,0.0
1779237953119,122.93,32.07,128.81,0.47,0.007,0,0.0
1779237953159,122.97,32.15,128.82,0.47,0.007,0,0.0
1779237953189,122.98,32.23,128.82,0.47,0.007,0,0.0
1779237953222,123.05,32.37,128.82,0.47,0.007,0,0.0
1779237953256,123.09,32.48,128.83,0.47,0.008,0,0.0
1779237953288,123.30,32.61,128.84,0.48,0.008,0,0.0
1779237953327,123.30,32.57,128.84,0.48,0.008,0,0.0
1779237953368,122.03,31.27,128.81,0.47,0.006,0,0.0
1779237953397,121.87,31.15,128.80,0.46,0.003,0,0.0
1779237953424,121.72,31.02,128.79,0.48,0.002,0,0.0
1779237953453,121.54,30.97,128.78,0.51,0.000,0,0.0
1779237953489,122.25,31.16,128.77,0.51,0.002,0,0.0
1779237953520,122.19,31.07,128.79,0.50,0.002,0,0.0
1779237953554,122.18,31.07,128.79,0.50,0.003,0,0.0
1779237953582,122.21,31.07,128.79,0.48,0.003,0,0.0
1779237953627,122.21,31.07,128.78,0.46,0.004,0,0.0
1779237953657,122.20,31.06,128.78,0.44,0.004,0,0.0
1779237953690,122.20,31.06,128.78,0.44,0.004,0,0.0
1779237953721,122.20,31.06,128.79,0.44,0.004,0,0.0
1779237953763,122.19,31.06,128.79,0.45,0.005,0,0.0
1779237953787,122.22,31.07,128.78,0.45,0.005,0,0.0
1779237953825,122.27,31.07,128.78,0.45,0.005,0,0.0
1779237953859,122.34,31.08,128.78,0.45,0.005,0,0.0
1779237953891,122.54,31.98,128.83,0.45,0.005,0,0.0
1779237953923,122.58,32.10,128.83,0.45,0.006,0,0.0
1779237953954,122.67,32.24,128.85,0.45,0.007,0,0.0
1779237953994,122.72,32.34,128.85,0.45,0.008,0,0.0
1779237954027,122.76,31.96,128.82,0.45,0.008,0,0.0
1779237954058,122.82,32.05,128.83,0.46,0.008,0,0.0
1779237954086,122.82,32.12,128.83,0.46,0.008,0,0.0
1779237954120,122.84,32.21,128.83,0.45,0.008,0,0.0
1779237954157,122.87,32.32,128.84,0.45,0.008,0,0.0
1779237954184,122.93,32.42,128.85,0.45,0.007,0,0.0
1779237954221,122.97,32.53,128.84,0.44,0.008,0,0.0
1779237954254,122.91,32.46,128.85,0.44,0.008,0,0.0
1779237954290,122.86,32.08,128.83,0.41,0.007,0,0.0
1779237954324,122.56,31.54,128.81,0.38,0.007,0,0.0
1779237954365,122.38,31.29,128.79,0.37,0.005,0,0.0
1779237954389,122.33,31.22,128.78,0.36,0.005,0,0.0
1779237954424,122.20,31.18,128.79,0.34,0.004,0,0.0
1779237954455,122.16,31.19,128.80,0.29,0.003,0,0.0
1779237954495,122.10,31.41,128.79,0.30,0.003,0,0.0
1779237954520,122.13,31.43,128.81,0.30,0.003,0,0.0
1779237954555,122.11,31.05,128.79,0.30,0.003,0,0.0
1779237954589,122.14,31.06,128.79,0.31,0.003,0,0.0
1779237954620,122.20,31.08,128.79,0.31,0.004,0,0.0
1779237954655,122.21,31.08,128.79,0.31,0.004,0,0.0
1779237954686,122.17,31.07,128.79,0.31,0.004,0,0.0
1779237954720,122.20,31.08,128.79,0.31,0.004,0,0.0
1779237954752,122.27,31.09,128.79,0.30,0.005,0,0.0
1779237954787,122.32,31.10,128.79,0.30,0.005,0,0.0
1779237954845,122.38,31.11,128.79,0.30,0.006,0,0.0
1779237954862,122.44,31.13,128.79,0.30,0.006,0,0.0
1779237954889,122.69,32.29,128.87,0.30,0.006,0,0.0
1779237954922,122.72,32.40,128.86,0.30,0.007,0,0.0
1779237954953,122.80,32.05,128.84,0.31,0.008,0,0.0
1779237954983,122.86,32.15,128.84,0.31,0.007,0,0.0
1779237955021,122.91,32.29,128.85,0.32,0.008,0,0.0
1779237955055,122.99,32.39,128.87,0.32,0.008,0,0.0
1779237955095,123.00,32.46,128.86,0.33,0.008,0,0.0
1779237955127,123.05,32.58,128.86,0.34,0.008,0,0.0
1779237955154,123.23,32.69,128.87,0.36,0.008,0,0.0
1779237955185,123.13,32.56,128.87,0.37,0.009,0,0.0
1779237955227,122.83,32.04,128.85,0.36,0.008,0,0.0
1779237955252,122.51,31.53,128.82,0.36,0.007,0,0.0
1779237955290,122.38,31.31,128.80,0.35,0.005,0,0.0
1779237955321,122.36,31.25,128.79,0.35,0.004,0,0.0
1779237955360,122.25,31.24,128.81,0.36,0.003,0,0.0
1779237955391,122.25,31.25,128.81,0.36,0.003,0,0.0
1779237955419,122.21,31.53,128.83,0.36,0.003,0,0.0
1779237955450,122.22,31.55,128.83,0.36,0.003,0,0.0
1779237955489,122.15,31.08,128.81,0.35,0.003,0,0.0
1779237955520,122.20,31.09,128.80,0.35,0.003,0,0.0
1779237955559,122.22,31.09,128.80,0.35,0.004,0,0.0
1779237955591,122.22,31.10,128.80,0.35,0.004,0,0.0
1779237955620,122.37,31.87,128.85,0.34,0.005,0,0.0
1779237955648,122.42,31.95,128.85,0.34,0.005,0,0.0
1779237955687,122.48,32.06,128.88,0.33,0.005,0,0.0
1779237955728,122.57,32.19,128.88,0.33,0.006,0,0.0
1779237955753,122.61,32.32,128.88,0.32,0.006,0,0.0
1779237955789,122.68,32.45,128.88,0.32,0.007,0,0.0
1779237955827,122.72,32.11,128.84,0.32,0.007,0,0.0
1779237955850,122.77,32.23,128.86,0.32,0.007,0,0.0
1779237955889,122.81,32.30,128.86,0.32,0.007,0,0.0
1779237955916,122.82,32.37,128.86,0.32,0.007,0,0.0
1779237955951,122.82,32.44,128.86,0.32,0.007,0,0.0
1779237955985,122.87,32.52,128.87,0.32,0.007,0,0.0
1779237956021,122.96,32.63,128.87,0.32,0.007,0,0.0
1779237956050,123.01,32.71,128.87,0.33,0.007,0,0.0
1779237956081,122.88,32.53,128.87,0.32,0.008,0,0.0
1779237956119,122.61,32.04,128.85,0.31,0.006,0,0.0
1779237956159,122.49,31.60,128.82,0.29,0.005,0,0.0
1779237956186,122.36,31.39,128.81,0.27,0.005,0,0.0
1779237956220,122.19,31.35,128.81,0.27,0.003,0,0.0
1779237956255,122.22,31.39,128.81,0.27,0.003,0,0.0
1779237956286,122.27,31.86,128.86,0.27,0.003,0,0.0
1779237956325,122.28,31.87,128.85,0.28,0.003,0,0.0
1779237956355,122.32,31.93,128.84,0.27,0.004,0,0.0
1779237956385,122.36,31.97,128.84,0.27,0.004,0,0.0
1779237956423,122.39,32.03,128.85,0.27,0.005,0,0.0
1779237956457,122.43,32.08,128.85,0.26,0.004,0,0.0
1779237956496,122.41,32.10,128.85,0.25,0.005,0,0.0
1779237956526,122.44,32.11,128.87,0.25,0.005,0,0.0
1779237956566,122.48,32.20,128.86,0.24,0.005,0,0.0
1779237956590,122.56,32.33,128.87,0.23,0.005,0,0.0
1779237956628,122.55,31.99,128.85,0.23,0.006,0,0.0
1779237956661,122.64,32.13,128.85,0.23,0.006,0,0.0
1779237956689,122.77,32.28,128.85,0.23,0.006,0,0.0
1779237956724,122.85,32.41,128.86,0.24,0.006,0,0.0
1779237956757,122.94,32.56,128.86,0.24,0.007,0,0.0
1779237956786,123.04,32.68,128.87,0.26,0.007,0,0.0
1779237956831,123.05,32.78,128.87,0.27,0.007,0,0.0
1779237956860,123.07,32.88,128.88,0.28,0.007,0,0.0
1779237956888,123.25,33.00,128.89,0.30,0.007,0,0.0
1779237956918,123.27,33.10,128.89,0.32,0.007,0,0.0
1779237956948,123.29,33.24,128.89,0.34,0.006,0,0.0
1779237956996,123.35,33.30,128.89,0.36,0.006,0,0.0
1779237957032,122.26,32.01,128.90,0.36,0.003,0,0.0
1779237957055,122.09,31.70,128.89,0.37,0.003,0,0.0
1779237957092,121.79,31.26,128.84,0.40,0.000,0,0.0
1779237957133,121.67,31.11,128.81,0.44,0.000,0,0.0
1779237957159,121.57,31.09,128.81,0.47,0.000,0,0.0
1779237957229,122.29,31.46,128.79,0.47,0.003,0,0.0
1779237957272,122.29,31.10,128.80,0.47,0.004,0,0.0
1779237957291,122.34,31.13,128.80,0.47,0.004,0,0.0
1779237957333,122.38,32.08,128.82,0.47,0.005,0,0.0
1779237957356,122.41,32.14,128.82,0.46,0.006,0,0.0
1779237957388,122.45,32.18,128.84,0.46,0.006,0,0.0
1779237957420,122.40,31.72,128.82,0.46,0.006,0,0.0
1779237957466,122.47,31.76,128.81,0.46,0.007,0,0.0
1779237957494,122.55,31.88,128.82,0.46,0.007,0,0.0
1779237957518,122.63,31.99,128.83,0.46,0.007,0,0.0
1779237957553,122.70,32.13,128.83,0.46,0.007,0,0.0
1779237957583,122.79,32.28,128.84,0.46,0.007,0,0.0
1779237957622,122.88,32.42,128.85,0.46,0.008,0,0.0
1779237957652,122.93,32.56,128.86,0.47,0.008,0,0.0
1779237957686,122.92,32.64,128.85,0.47,0.008,0,0.0
1779237957727,122.99,32.71,128.87,0.48,0.008,0,0.0
1779237957749,122.84,32.81,128.89,0.48,0.008,0,0.0
1779237957786,122.78,32.88,128.89,0.47,0.008,0,0.0
1779237957820,122.92,32.97,128.88,0.47,0.007,0,0.0
1779237957850,122.99,33.04,128.89,0.47,0.007,0,0.0
1779237957884,122.73,32.64,128.95,0.46,0.007,0,0.0
1779237957929,122.70,32.58,128.95,0.45,0.006,0,0.0
1779237957957,122.52,32.32,128.93,0.43,0.006,0,0.0
1779237958029,121.72,31.20,128.83,0.43,0.002,0,0.0
1779237958053,121.60,31.09,128.81,0.43,0.002,0,0.0
1779237958090,121.60,31.07,128.80,0.46,0.001,0,0.0
1779237958124,122.61,31.48,128.78,0.45,0.004,0,0.0
1779237958155,122.57,31.16,128.80,0.44,0.005,0,0.0
1779237958193,122.57,31.18,128.80,0.41,0.006,0,0.0
1779237958219,122.57,31.17,128.80,0.37,0.006,0,0.0
1779237958252,122.57,31.17,128.80,0.37,0.007,0,0.0
1779237958290,122.57,31.17,128.80,0.36,0.007,0,0.0
1779237958321,122.70,32.15,128.83,0.36,0.007,0,0.0
1779237958354,122.73,32.19,128.85,0.36,0.007,0,0.0
1779237958384,122.74,32.21,128.85,0.36,0.007,0,0.0
1779237958416,122.77,32.28,128.85,0.36,0.008,0,0.0
1779237958450,122.86,32.40,128.87,0.36,0.008,0,0.0
1779237958484,122.94,32.53,128.86,0.37,0.008,0,0.0
1779237958520,122.91,32.14,128.84,0.37,0.008,0,0.0
1779237958563,122.96,32.28,128.85,0.37,0.008,0,0.0
1779237958590,123.10,32.43,128.86,0.38,0.008,0,0.0
1779237958620,123.17,32.51,128.86,0.39,0.008,0,0.0
1779237958654,122.37,31.92,128.84,0.39,0.008,0,0.0
1779237958685,122.40,31.91,128.86,0.39,0.006,0,0.0
1779237958720,122.38,31.92,128.87,0.39,0.005,0,0.0
1779237958750,122.45,31.97,128.89,0.39,0.004,0,0.0
1779237958785,122.48,32.08,128.88,0.39,0.005,0,0.0
1779237958819,122.49,32.11,128.88,0.39,0.005,0,0.0
1779237958850,122.30,31.84,128.85,0.38,0.005,0,0.0
1779237958897,121.95,31.35,128.82,0.39,0.003,0,0.0
1779237958925,121.62,31.05,128.80,0.42,0.002,0,0.0
1779237958949,121.53,31.00,128.80,0.46,0.002,0,0.0
1779237958986,121.48,31.09,128.81,0.49,0.001,0,0.0
1779237959020,121.51,31.12,128.81,0.50,0.001,0,0.0
1779237959059,122.52,31.13,128.79,0.48,0.002,0,0.0
1779237959091,122.60,31.19,128.81,0.45,0.005,0,0.0
1779237959118,122.75,31.23,128.81,0.45,0.006,0,0.0
1779237959153,122.80,31.22,128.81,0.46,0.008,0,0.0
1779237959183,122.83,31.22,128.80,0.46,0.009,0,0.0
1779237959216,122.84,31.23,128.80,0.46,0.009,0,0.0
1779237959254,122.80,31.22,128.79,0.47,0.009,0,0.0
1779237959293,122.78,31.21,128.79,0.47,0.008,0,0.0
1779237959327,122.79,31.21,128.79,0.47,0.008,0,0.0
1779237959358,122.85,31.22,128.79,0.47,0.008,0,0.0
1779237959388,122.92,31.24,128.79,0.48,0.008,0,0.0
1779237959452,122.97,31.25,128.78,0.48,0.008,0,0.0
1779237959489,123.01,31.26,128.78,0.49,0.008,0,0.0
1779237959521,123.07,31.27,128.78,0.49,0.008,0,0.0
1779237959549,122.62,32.74,128.83,0.49,0.008,0,0.0
1779237959584,122.68,32.35,128.83,0.48,0.007,0,0.0
1779237959619,122.74,32.42,128.84,0.47,0.006,0,0.0
1779237959651,122.79,32.46,128.85,0.46,0.006,0,0.0
1779237959688,122.83,32.53,128.85,0.46,0.006,0,0.0
1779237959722,122.89,32.65,128.86,0.46,0.007,0,0.0
1779237959755,122.72,32.49,128.85,0.46,0.006,0,0.0
1779237959786,122.42,31.88,128.83,0.46,0.006,0,0.0
1779237959827,122.04,31.27,128.80,0.47,0.004,0,0.0
1779237959848,121.90,31.12,128.79,0.49,0.004,0,0.0
1779237959888,121.89,31.08,128.79,0.50,0.002,0,0.0
1779237959918,121.91,31.09,128.79,0.50,0.002,0,0.0
1779237959948,121.82,30.99,128.78,0.49,0.002,0,0.0
1779237959983,121.81,30.99,128.78,0.47,0.002,0,0.0
1779237960023,121.75,30.98,128.80,0.46,0.002,0,0.0
1779237960050,121.92,31.02,128.80,0.43,0.003,0,0.0
1779237960085,122.00,31.03,128.80,0.44,0.003,0,0.0
1779237960120,122.01,31.03,128.80,0.45,0.004,0,0.0
1779237960150,121.98,31.03,128.80,0.46,0.004,0,0.0
1779237960181,121.99,31.03,128.80,0.46,0.005,0,0.0
1779237960225,122.02,31.04,128.80,0.46,0.005,0,0.0
1779237960260,122.09,31.06,128.80,0.46,0.005,0,0.0
1779237960291,122.16,31.07,128.80,0.46,0.005,0,0.0
1779237960325,122.22,31.08,128.80,0.45,0.006,0,0.0
1779237960358,122.24,31.08,128.80,0.44,0.006,0,0.0
1779237960392,122.29,31.09,128.79,0.43,0.006,0,0.0
1779237960424,122.45,31.11,128.78,0.42,0.006,0,0.0
1779237960453,122.35,31.10,128.79,0.40,0.007,0,0.0
1779237960483,122.28,31.09,128.78,0.37,0.007,0,0.0
1779237960528,122.29,31.10,128.78,0.34,0.006,0,0.0
1779237960558,122.50,32.42,128.87,0.34,0.007,0,0.0
1779237960590,122.53,32.49,128.86,0.33,0.007,0,0.0
1779237960621,122.53,32.11,128.85,0.32,0.007,0,0.0
1779237960651,122.48,32.10,128.84,0.31,0.007,0,0.0
1779237960685,122.36,31.77,128.83,0.29,0.007,0,0.0
1779237960718,122.03,31.27,128.80,0.26,0.005,0,0.0
1779237960749,121.74,31.03,128.80,0.25,0.005,0,0.0
1779237960784,121.68,30.99,128.79,0.25,0.003,0,0.0
1779237960829,121.60,30.95,128.79,0.27,0.002,0,0.0
1779237960848,121.63,30.96,128.79,0.28,0.002,0,0.0
1779237960882,122.24,31.09,128.80,0.28,0.003,0,0.0
1779237960921,122.45,31.15,128.80,0.28,0.006,0,0.0
1779237960957,122.53,31.16,128.81,0.29,0.007,0,0.0
1779237960991,122.59,31.17,128.80,0.29,0.007,0,0.0
1779237961060,122.64,31.18,128.80,0.29,0.008,0,0.0
1779237961094,122.68,31.19,128.81,0.30,0.008,0,0.0
1779237961122,122.70,31.20,128.81,0.31,0.008,0,0.0
1779237961151,122.69,31.19,128.81,0.32,0.007,0,0.0
1779237961182,122.74,31.20,128.81,0.33,0.007,0,0.0
1779237961217,122.79,31.22,128.81,0.33,0.007,0,0.0
1779237961250,122.85,31.23,128.81,0.34,0.007,0,0.0
1779237961286,122.87,31.23,128.80,0.35,0.007,0,0.0
1779237961318,122.93,31.25,128.81,0.36,0.007,0,0.0
1779237961349,122.97,31.26,128.81,0.38,0.007,0,0.0
1779237961383,123.05,31.27,128.79,0.39,0.007,0,0.0
1779237961418,122.94,31.25,128.79,0.40,0.007,0,0.0
1779237961448,122.68,31.20,128.79,0.40,0.007,0,0.0
1779237961484,122.60,31.18,128.80,0.40,0.006,0,0.0
1779237961517,122.57,31.17,128.79,0.40,0.005,0,0.0
1779237961546,122.56,31.17,128.80,0.40,0.005,0,0.0
1779237961585,122.15,31.06,128.79,0.40,0.004,0,0.0
1779237961616,121.95,31.53,128.83,0.42,0.003,0,0.0
1779237961653,121.55,31.07,128.80,0.45,0.001,0,0.0
1779237961687,121.44,30.92,128.79,0.48,0.000,0,0.0
1779237961719,121.30,30.91,128.80,0.52,0.000,0,0.0
1779237961747,122.46,31.11,128.80,0.52,0.001,0,0.0
1779237961783,122.45,31.16,128.81,0.51,0.003,0,0.0
1779237961815,122.50,31.16,128.82,0.49,0.005,0,0.0
1779237961848,122.52,31.16,128.81,0.46,0.006,0,0.0
1779237961892,122.54,31.17,128.81,0.43,0.007,0,0.0
1779237961919,122.58,31.17,128.81,0.43,0.007,0,0.0
1779237961957,122.61,31.18,128.81,0.43,0.007,0,0.0
1779237961989,122.60,31.18,128.81,0.43,0.007,0,0.0
1779237962018,122.61,31.18,128.81,0.43,0.008,0,0.0
1779237962055,122.62,31.19,128.81,0.43,0.007,0,0.0
1779237962084,122.70,31.21,128.81,0.43,0.007,0,0.0
1779237962118,122.77,31.22,128.81,0.43,0.007,0,0.0
1779237962159,122.81,31.23,128.81,0.44,0.008,0,0.0
1779237962182,122.88,31.24,128.81,0.44,0.008,0,0.0
1779237962224,122.91,31.25,128.80,0.44,0.008,0,0.0
1779237962250,122.93,31.25,128.81,0.44,0.008,0,0.0
1779237962290,123.11,31.29,128.80,0.45,0.008,0,0.0
1779237962321,123.16,31.30,128.80,0.46,0.008,0,0.0
1779237962358,123.16,31.29,128.80,0.47,0.008,0,0.0
1779237962396,123.20,31.30,128.79,0.47,0.008,0,0.0
1779237962421,122.57,31.13,128.78,0.47,0.008,0,0.0
1779237962446,122.41,31.13,128.80,0.47,0.006,0,0.0
1779237962492,122.26,31.10,128.80,0.47,0.004,0,0.0
1779237962519,121.80,31.00,128.79,0.49,0.003,0,0.0
1779237962555,121.55,30.96,128.81,0.52,0.001,0,0.0
1779237962584,121.56,30.96,128.80,0.54,0.001,0,0.0
1779237962618,122.41,31.09,128.80,0.53,0.000,0,0.0
1779237962651,122.45,31.14,128.81,0.51,0.004,0,0.0
1779237962693,122.48,31.15,128.81,0.47,0.005,0,0.0
1779237962722,122.50,31.16,128.81,0.40,0.006,0,0.0
1779237962750,122.55,31.17,128.80,0.40,0.006,0,0.0
1779237962785,122.58,31.16,128.80,0.40,0.006,0,0.0
1779237962817,122.61,31.17,128.80,0.40,0.007,0,0.0
1779237962848,122.56,31.16,128.80,0.40,0.007,0,0.0
1779237962882,122.56,31.16,128.81,0.40,0.007,0,0.0
1779237962918,122.60,31.17,128.80,0.40,0.007,0,0.0
1779237962953,122.64,31.18,128.80,0.40,0.007,0,0.0
1779237962985,122.67,31.19,128.81,0.40,0.007,0,0.0
1779237963021,122.70,31.20,128.80,0.40,0.007,0,0.0
1779237963052,122.72,31.20,128.81,0.40,0.007,0,0.0
1779237963082,122.76,31.21,128.81,0.40,0.007,0,0.0
1779237963114,122.79,31.21,128.80,0.40,0.007,0,0.0
1779237963145,122.79,31.22,128.80,0.40,0.007,0,0.0
1779237963179,122.83,31.23,128.81,0.40,0.007,0,0.0
1779237963214,123.05,31.27,128.80,0.41,0.007,0,0.0
1779237963247,123.09,31.28,128.79,0.41,0.008,0,0.0
1779237963286,123.09,31.28,128.79,0.41,0.008,0,0.0
1779237963319,123.11,31.28,128.79,0.41,0.008,0,0.0
1779237963347,122.93,31.24,128.80,0.40,0.008,0,0.0
1779237963384,122.66,31.18,128.80,0.39,0.007,0,0.0
1779237963421,121.63,30.93,128.78,0.42,0.003,0,0.0
1779237963452,121.64,30.97,128.80,0.45,0.001,0,0.0
1779237963479,121.52,30.94,128.80,0.49,0.001,0,0.0
1779237963515,122.65,31.15,128.80,0.47,0.001,0,0.0
1779237963549,122.58,31.17,128.81,0.43,0.004,0,0.0
1779237963585,122.58,31.18,128.81,0.39,0.005,0,0.0
1779237963612,122.61,31.18,128.81,0.39,0.005,0,0.0
1779237963650,122.64,31.19,128.81,0.39,0.006,0,0.0
1779237963679,122.68,31.20,128.80,0.38,0.006,0,0.0
1779237963722,122.69,31.21,128.81,0.38,0.007,0,0.0
1779237963747,122.68,31.21,128.81,0.38,0.007,0,0.0
1779237963785,122.83,31.24,128.81,0.39,0.007,0,0.0
1779237963820,122.88,31.26,128.81,0.39,0.008,0,0.0
1779237963853,122.94,31.27,128.81,0.39,0.008,0,0.0
1779237963884,123.01,31.28,128.81,0.40,0.008,0,0.0
1779237963926,123.03,31.28,128.81,0.40,0.008,0,0.0
1779237963949,123.06,31.30,128.81,0.41,0.008,0,0.0
1779237963985,123.08,31.29,128.81,0.41,0.008,0,0.0
1779237964024,123.14,31.31,128.81,0.42,0.008,0,0.0
1779237964051,122.47,31.13,128.80,0.42,0.008,0,0.0
1779237964083,122.50,31.16,128.81,0.43,0.006,0,0.0
1779237964117,122.70,31.22,128.81,0.43,0.005,0,0.0
1779237964163,122.72,31.22,128.81,0.43,0.005,0,0.0
1779237964185,122.71,31.21,128.81,0.42,0.005,0,0.0
1779237964221,122.77,31.22,128.81,0.42,0.006,0,0.0
1779237964250,122.71,31.20,128.81,0.41,0.006,0,0.0
1779237964285,122.50,31.16,128.81,0.41,0.005,0,0.0
1779237964322,122.22,31.11,128.82,0.40,0.004,0,0.0
1779237964349,122.13,31.09,128.81,0.41,0.003,0,0.0
1779237964383,122.16,31.10,128.82,0.42,0.003,0,0.0
1779237964413,122.16,31.10,128.82,0.39,0.003,0,0.0
1779237964452,122.04,31.07,128.82,0.36,0.003,0,0.0
1779237964483,122.05,31.07,128.82,0.31,0.003,0,0.0
1779237964516,122.06,31.08,128.82,0.33,0.003,0,0.0
1779237964553,122.09,31.08,128.82,0.34,0.004,0,0.0
1779237964585,122.12,31.09,128.82,0.35,0.004,0,0.0
1779237964622,122.14,31.09,128.82,0.36,0.004,0,0.0
1779237964649,122.14,31.09,128.82,0.37,0.004,0,0.0
1779237964684,122.17,31.10,128.82,0.38,0.004,0,0.0
1779237964720,122.23,31.11,128.82,0.38,0.005,0,0.0
1779237964753,122.30,31.13,128.82,0.38,0.005,0,0.0
1779237964789,122.38,31.15,128.82,0.37,0.006,0,0.0
1779237964821,122.43,31.16,128.82,0.37,0.006,0,0.0
1779237964854,122.46,31.16,128.82,0.36,0.007,0,0.0
1779237964890,122.50,31.17,128.82,0.34,0.007,0,0.0
1779237964934,122.51,31.17,128.82,0.32,0.007,0,0.0
1779237964952,122.56,31.18,128.81,0.30,0.007,0,0.0
1779237964985,122.73,31.21,128.81,0.28,0.008,0,0.0
1779237965012,122.75,31.22,128.81,0.25,0.007,0,0.0
1779237965054,122.74,31.21,128.81,0.26,0.008,0,0.0
1779237965086,122.76,31.22,128.81,0.27,0.008,0,0.0
1779237965118,122.82,31.22,128.80,0.27,0.008,0,0.0
1779237965149,122.75,31.20,128.80,0.27,0.008,0,0.0
1779237965188,122.51,31.14,128.81,0.27,0.007,0,0.0
1779237965221,122.23,31.09,128.81,0.26,0.006,0,0.0
1779237965252,122.12,31.07,128.81,0.26,0.005,0,0.0
1779237965288,122.09,31.07,128.81,0.26,0.004,0,0.0
1779237965318,121.94,31.03,128.80,0.27,0.003,0,0.0
1779237965347,121.95,31.03,128.81,0.28,0.003,0,0.0
1779237965386,121.99,31.04,128.81,0.28,0.003,0,0.0
1779237965414,122.00,31.05,128.81,0.29,0.003,0,0.0
1779237965450,122.06,31.06,128.81,0.29,0.003,0,0.0
1779237965481,122.10,31.07,128.81,0.28,0.004,0,0.0
1779237965516,121.96,31.04,128.81,0.29,0.004,0,0.0
1779237965547,121.95,31.04,128.81,0.29,0.004,0,0.0
1779237965586,122.14,31.08,128.81,0.29,0.004,0,0.0
1779237965619,122.15,31.09,128.80,0.29,0.004,0,0.0
1779237965652,122.19,31.09,128.80,0.29,0.005,0,0.0
1779237965686,122.24,31.10,128.80,0.29,0.006,0,0.0
1779237965724,122.24,31.10,128.80,0.29,0.006,0,0.0
1779237965748,122.28,31.10,128.80,0.29,0.006,0,0.0
1779237965779,122.33,31.11,128.80,0.29,0.006,0,0.0
1779237965815,122.38,31.12,128.81,0.29,0.006,0,0.0
1779237965848,122.41,31.12,128.80,0.29,0.007,0,0.0
1779237965884,122.42,31.12,128.80,0.29,0.007,0,0.0
1779237965921,122.40,31.12,128.80,0.28,0.006,0,0.0
1779237965950,122.45,31.12,128.79,0.28,0.006,0,0.0
1779237965989,122.60,31.15,128.79,0.28,0.006,0,0.0
1779237966016,122.50,31.13,128.79,0.27,0.007,0,0.0
1779237966048,122.29,31.09,128.80,0.25,0.006,0,0.0
1779237966091,122.08,31.05,128.80,0.24,0.005,0,0.0
1779237966119,121.98,31.03,128.79,0.22,0.004,0,0.0
1779237966149,121.96,31.02,128.79,0.20,0.004,0,0.0
1779237966180,121.83,30.99,128.80,0.20,0.004,0,0.0
1779237966216,121.84,31.00,128.79,0.21,0.003,0,0.0
1779237966247,121.73,30.98,128.80,0.22,0.003,0,0.0
1779237966281,121.76,30.99,128.79,0.23,0.003,0,0.0
1779237966323,121.80,31.00,128.79,0.24,0.003,0,0.0
1779237966354,121.82,31.00,128.80,0.24,0.004,0,0.0
1779237966384,121.83,31.00,128.80,0.25,0.003,0,0.0
1779237966417,121.81,31.00,128.80,0.25,0.004,0,0.0
1779237966446,121.77,30.99,128.80,0.26,0.004,0,0.0
1779237966486,121.82,31.00,128.79,0.27,0.004,0,0.0
1779237966514,121.88,31.01,128.80,0.27,0.005,0,0.0
1779237966550,121.95,31.02,128.80,0.27,0.004,0,0.0
1779237966587,121.97,31.02,128.79,0.27,0.005,0,0.0
1779237966616,122.02,31.03,128.79,0.27,0.005,0,0.0
1779237966651,122.04,31.04,128.80,0.27,0.005,0,0.0
1779237966683,122.06,31.05,128.80,0.27,0.005,0,0.0
1779237966713,122.18,31.08,128.80,0.27,0.006,0,0.0
1779237966747,122.23,31.08,128.80,0.26,0.006,0,0.0
1779237966784,122.24,31.08,128.80,0.26,0.006,0,0.0
1779237966822,122.25,31.09,128.80,0.26,0.006,0,0.0
1779237966848,122.29,31.09,128.80,0.25,0.005,0,0.0
1779237966883,122.36,31.11,128.80,0.25,0.005,0,0.0
1779237966916,122.29,31.10,128.80,0.25,0.005,0,0.0
1779237966953,122.11,31.06,128.80,0.23,0.004,0,0.0
1779237966999,121.83,31.00,128.79,0.21,0.003,0,0.0
1779237967016,121.67,30.96,128.80,0.20,0.002,0,0.0
1779237967090,121.73,30.99,128.80,0.20,0.001,0,0.0
1779237967119,121.72,30.98,128.80,0.20,0.001,0,0.0
1779237967202,122.26,31.11,128.80,0.21,0.003,0,0.0
1779237967217,122.33,31.12,128.81,0.22,0.004,0,0.0
1779237967306,122.33,31.13,128.81,0.23,0.005,0,0.0
1779237967327,122.35,31.13,128.81,0.23,0.005,0,0.0
1779237967382,122.41,31.14,128.81,0.24,0.005,0,0.0
1779237967417,122.48,31.15,128.81,0.25,0.005,0,0.0
1779237967449,122.53,31.16,128.80,0.25,0.005,0,0.0
1779237967486,122.60,31.18,128.80,0.27,0.005,0,0.0
1779237967513,122.64,31.19,128.81,0.28,0.005,0,0.0
1779237967549,122.68,31.19,128.80,0.29,0.005,0,0.0
1779237967580,122.70,31.18,128.80,0.29,0.005,0,0.0
1779237967620,122.74,31.20,128.79,0.30,0.005,0,0.0
1779237967652,122.95,31.25,128.80,0.32,0.005,0,0.0
1779237967685,122.97,31.26,128.79,0.34,0.006,0,0.0
1779237967719,122.98,31.25,128.80,0.35,0.006,0,0.0
1779237967747,123.02,31.26,128.80,0.37,0.006,0,0.0
1779237967782,122.84,31.22,128.79,0.38,0.005,0,0.0
1779237967855,122.75,31.19,128.80,0.38,0.004,0,0.0
1779237967884,122.13,31.04,128.78,0.38,0.002,0,0.0
1779237967974,121.91,31.01,128.79,0.39,0.000,0,0.0
1779237967990,121.88,31.01,128.79,0.40,0.000,0,0.0
1779237968059,121.73,30.98,128.80,0.41,0.000,0,0.0
1779237968086,122.24,31.10,128.80,0.41,0.001,0,0.0
1779237968120,122.33,31.12,128.81,0.41,0.003,0,0.0
1779237968148,122.37,31.13,128.80,0.41,0.003,0,0.0
1779237968189,122.45,31.14,128.80,0.41,0.004,0,0.0
1779237968219,122.47,31.14,128.80,0.40,0.004,0,0.0
1779237968262,122.47,31.14,128.80,0.37,0.005,0,0.0
1779237968287,122.49,31.15,128.80,0.35,0.005,0,0.0
1779237968369,122.51,31.15,128.80,0.32,0.005,0,0.0
1779237968389,122.57,31.18,128.80,0.32,0.005,0,0.0
1779237968461,122.64,31.19,128.81,0.32,0.005,0,0.0
1779237968491,122.65,31.18,128.80,0.32,0.005,0,0.0
1779237968560,122.72,31.20,128.80,0.32,0.005,0,0.0
1779237968593,122.76,31.21,128.80,0.32,0.005,0,0.0
1779237968620,122.81,31.21,128.80,0.32,0.006,0,0.0
1779237968651,122.97,31.26,128.80,0.33,0.006,0,0.0
1779237968688,123.01,31.26,128.80,0.34,0.006,0,0.0
1779237968722,123.04,31.26,128.80,0.35,0.006,0,0.0
1779237968750,122.93,31.24,128.80,0.36,0.006,0,0.0
1779237968786,121.82,30.96,128.78,0.38,0.003,0,0.0
1779237968818,121.88,31.02,128.80,0.40,0.001,0,0.0
1779237968856,121.70,30.97,128.80,0.42,0.000,0,0.0
1779237968893,121.77,31.00,128.80,0.43,0.000,0,0.0
1779237968921,122.33,31.12,128.80,0.42,0.001,0,0.0
1779237968975,122.40,31.14,128.81,0.41,0.003,0,0.0
1779237968984,122.41,31.14,128.81,0.40,0.004,0,0.0
1779237969065,122.46,31.14,128.80,0.40,0.005,0,0.0
1779237969091,122.50,31.15,128.80,0.39,0.005,0,0.0
1779237969119,122.47,31.14,128.81,0.38,0.005,0,0.0
1779237969160,122.48,31.15,128.80,0.37,0.005,0,0.0
1779237969196,122.47,31.14,128.80,0.34,0.005,0,0.0
1779237969216,122.57,31.17,128.80,0.34,0.005,0,0.0
1779237969260,122.66,31.19,128.80,0.34,0.006,0,0.0
1779237969288,122.73,31.19,128.80,0.34,0.006,0,0.0
1779237969323,122.77,31.20,128.80,0.34,0.006,0,0.0
1779237969358,122.96,31.25,128.79,0.35,0.007,0,0.0
1779237969391,123.01,31.25,128.79,0.36,0.007,0,0.0
1779237969422,123.03,31.25,128.79,0.37,0.007,0,0.0
1779237969456,123.06,31.25,128.79,0.38,0.007,0,0.0
1779237969491,123.04,31.25,128.79,0.39,0.007,0,0.0
1779237969519,123.07,31.26,128.79,0.40,0.007,0,0.0
1779237969560,122.46,31.09,128.78,0.40,0.005,0,0.0
1779237969586,122.49,31.12,128.79,0.40,0.004,0,0.0
1779237969622,122.28,31.08,128.79,0.41,0.003,0,0.0
1779237969657,122.00,31.02,128.80,0.42,0.002,0,0.0
1779237969687,121.98,31.03,128.80,0.42,0.001,0,0.0
1779237969730,121.82,30.99,128.79,0.43,0.001,0,0.0
1779237969758,121.88,31.02,128.79,0.43,0.000,0,0.0
1779237969796,121.76,30.98,128.79,0.44,0.001,0,0.0
1779237969823,121.78,30.99,128.79,0.44,0.001,0,0.0
1779237969859,121.82,31.00,128.79,0.45,0.001,0,0.0
1779237969887,121.86,31.01,128.80,0.44,0.002,0,0.0
1779237969964,121.91,31.02,128.80,0.43,0.003,0,0.0
1779237969992,121.91,31.02,128.80,0.44,0.003,0,0.0
1779237970065,121.96,31.03,128.80,0.45,0.004,0,0.0
1779237970088,122.06,31.05,128.80,0.45,0.004,0,0.0
1779237970166,122.20,31.08,128.80,0.45,0.005,0,0.0
1779237970199,122.41,31.12,128.80,0.45,0.006,0,0.0
1779237970218,122.45,31.13,128.79,0.45,0.006,0,0.0
1779237970250,122.45,31.12,128.80,0.45,0.006,0,0.0
1779237970286,122.49,31.13,128.80,0.45,0.006,0,0.0
1779237970317,122.48,31.13,128.80,0.45,0.007,0,0.0
1779237970352,122.53,31.14,128.80,0.45,0.006,0,0.0
1779237970384,122.72,31.17,128.78,0.45,0.006,0,0.0
1779237970464,122.77,31.18,128.78,0.45,0.007,0,0.0
1779237970492,122.67,31.16,128.78,0.44,0.007,0,0.0
1779237970554,122.17,31.05,128.80,0.42,0.004,0,0.0
1779237970589,122.09,31.05,128.80,0.40,0.003,0,0.0
1779237970618,122.11,31.05,128.80,0.37,0.003,0,0.0
1779237970647,121.99,31.03,128.80,0.34,0.003,0,0.0
1779237970681,122.02,31.03,128.80,0.31,0.003,0,0.0
1779237970713,122.08,31.05,128.80,0.30,0.003,0,0.0
1779237970746,122.09,31.06,128.80,0.30,0.003,0,0.0
1779237970781,122.14,31.07,128.81,0.30,0.003,0,0.0
1779237970819,122.18,31.08,128.80,0.29,0.004,0,0.0
1779237970851,122.22,31.08,128.80,0.29,0.004,0,0.0
1779237970883,122.25,31.09,128.80,0.29,0.004,0,0.0
1779237970933,122.26,31.09,128.80,0.28,0.005,0,0.0
1779237970959,122.29,31.09,128.80,0.27,0.005,0,0.0
1779237971002,122.31,31.09,128.80,0.26,0.005,0,0.0
1779237971023,122.37,31.11,128.80,0.24,0.005,0,0.0
1779237971052,122.41,31.12,128.80,0.23,0.005,0,0.0
1779237971097,122.44,31.12,128.80,0.23,0.005,0,0.0
1779237971118,122.45,31.13,128.80,0.22,0.005,0,0.0
1779237971161,122.49,31.13,128.80,0.21,0.006,0,0.0
1779237971188,122.66,31.18,128.79,0.21,0.006,0,0.0
1779237971225,122.68,31.18,128.78,0.22,0.006,0,0.0
1779237971266,122.68,31.17,128.79,0.23,0.006,0,0.0
1779237971294,122.70,31.18,128.79,0.24,0.006,0,0.0
1779237971314,122.75,31.19,128.79,0.25,0.006,0,0.0
1779237971361,122.80,31.20,128.79,0.26,0.006,0,0.0
1779237971397,122.81,31.20,128.78,0.27,0.006,0,0.0
1779237971423,122.67,31.18,128.79,0.27,0.006,0,0.0
1779237971458,122.47,31.13,128.79,0.26,0.005,0,0.0
1779237971490,122.04,31.06,128.79,0.26,0.003,0,0.0
1779237971525,121.89,31.03,128.81,0.27,0.002,0,0.0
1779237971552,122.02,31.06,128.81,0.28,0.002,0,0.0
1779237971583,121.93,31.05,128.81,0.28,0.002,0,0.0
1779237971622,121.98,31.05,128.81,0.29,0.002,0,0.0
1779237971654,122.06,31.07,128.81,0.28,0.002,0,0.0
1779237971682,122.10,31.07,128.81,0.28,0.003,0,0.0
1779237971720,122.15,31.08,128.81,0.28,0.003,0,0.0
1779237971758,122.19,31.09,128.81,0.28,0.004,0,0.0
1779237971791,122.20,31.09,128.81,0.28,0.004,0,0.0
1779237971830,122.20,31.09,128.82,0.28,0.004,0,0.0
1779237971862,122.21,31.10,128.82,0.28,0.004,0,0.0
1779237971886,122.23,31.11,128.82,0.28,0.004,0,0.0
1779237971918,122.28,31.12,128.82,0.28,0.005,0,0.0
1779237971947,122.31,31.13,128.83,0.28,0.005,0,0.0
1779237971990,122.31,31.14,128.83,0.28,0.005,0,0.0
1779237972023,122.35,31.14,128.83,0.28,0.005,0,0.0
1779237972047,122.54,31.17,128.81,0.28,0.005,0,0.0
1779237972084,122.58,31.19,128.81,0.28,0.006,0,0.0
1779237972132,122.57,31.18,128.80,0.28,0.006,0,0.0
1779237972149,122.62,31.19,128.81,0.29,0.006,0,0.0
1779237972183,122.64,31.20,128.81,0.28,0.006,0,0.0
1779237972220,122.66,31.20,128.81,0.28,0.006,0,0.0
1779237972249,122.68,31.20,128.81,0.28,0.006,0,0.0
1779237972286,122.68,31.20,128.81,0.28,0.006,0,0.0
1779237972317,122.63,31.19,128.80,0.28,0.006,0,0.0
1779237972354,122.17,31.09,128.80,0.27,0.004,0,0.0
1779237972393,121.96,31.05,128.81,0.26,0.003,0,0.0
1779237972414,121.92,31.05,128.81,0.26,0.003,0,0.0
1779237972449,121.86,31.04,128.82,0.27,0.002,0,0.0
1779237972487,122.01,31.07,128.82,0.27,0.001,0,0.0
1779237972519,121.93,31.06,128.82,0.27,0.002,0,0.0
1779237972561,121.95,31.07,128.82,0.27,0.002,0,0.0
1779237972589,122.04,31.09,128.83,0.27,0.002,0,0.0
1779237972625,122.10,31.10,128.83,0.27,0.003,0,0.0
1779237972657,122.12,31.10,128.83,0.26,0.003,0,0.0
1779237972689,122.14,31.10,128.83,0.26,0.003,0,0.0
1779237972727,122.15,31.11,128.83,0.26,0.004,0,0.0
1779237972754,122.19,31.11,128.83,0.26,0.004,0,0.0
1779237972782,122.25,31.13,128.83,0.26,0.004,0,0.0
1779237972820,122.29,31.13,128.83,0.26,0.004,0,0.0
1779237972849,122.33,31.14,128.83,0.26,0.004,0,0.0
1779237972889,122.42,31.16,128.82,0.26,0.005,0,0.0
1779237972916,122.61,31.19,128.81,0.27,0.006,0,0.0
1779237972947,122.65,31.20,128.81,0.28,0.006,0,0.0
1779237972979,122.67,31.21,128.81,0.28,0.006,0,0.0
1779237973025,122.71,31.21,128.81,0.29,0.006,0,0.0
1779237973049,122.73,31.22,128.81,0.30,0.006,0,0.0
1779237973084,122.74,31.22,128.81,0.31,0.006,0,0.0
1779237973127,122.91,31.27,128.80,0.32,0.006,0,0.0
1779237973156,122.77,31.25,128.81,0.33,0.006,0,0.0
1779237973192,122.53,31.19,128.81,0.32,0.005,0,0.0
1779237973211,122.26,31.12,128.81,0.32,0.005,0,0.0
1779237973246,122.12,31.08,128.81,0.31,0.002,0,0.0
1779237973296,122.07,31.07,128.80,0.31,0.001,0,0.0
1779237973316,121.97,31.06,128.81,0.31,0.001,0,0.0
1779237973354,122.15,31.10,128.82,0.31,0.001,0,0.0
1779237973389,122.24,31.12,128.82,0.30,0.002,0,0.0
1779237973422,122.23,31.12,128.82,0.30,0.002,0,0.0
1779237973455,122.11,31.09,128.82,0.29,0.002,0,0.0
1779237973486,122.14,31.10,128.82,0.28,0.002,0,0.0
1779237973526,122.18,31.11,128.83,0.27,0.002,0,0.0
1779237973574,122.20,31.11,128.82,0.27,0.002,0,0.0
1779237973583,122.22,31.13,128.83,0.26,0.002,0,0.0
1779237973669,122.31,31.15,128.83,0.26,0.003,0,0.0
1779237973687,122.40,31.16,128.83,0.25,0.003,0,0.0
1779237973759,122.51,31.18,128.82,0.25,0.004,0,0.0
1779237973781,122.68,31.20,128.81,0.25,0.004,0,0.0
1779237973817,122.73,31.21,128.80,0.26,0.005,0,0.0
1779237973851,122.48,31.16,128.81,0.26,0.005,0,0.0
1779237973888,122.43,31.15,128.81,0.26,0.004,0,0.0
1779237973914,122.53,31.17,128.80,0.26,0.004,0,0.0
1779237973947,122.41,31.17,128.81,0.26,0.004,0,0.0
1779237973983,122.39,31.17,128.81,0.25,0.003,0,0.0
1779237974031,122.41,31.19,128.80,0.25,0.003,0,0.0
1779237974055,122.31,31.16,128.80,0.25,0.003,0,0.0
1779237974078,122.06,31.07,128.80,0.25,0.003,0,0.0
1779237974117,121.37,30.89,128.78,0.30,0.001,0,0.0
1779237974164,121.31,30.90,128.78,0.34,0.000,0,0.0
1779237974183,121.23,30.89,128.79,0.37,0.000,0,0.0
1779237974258,122.57,31.13,128.79,0.36,0.005,0,0.0
1779237974289,122.42,31.14,128.81,0.36,0.005,0,0.0
1779237974325,122.49,31.16,128.82,0.36,0.007,0,0.0
1779237974351,122.50,31.16,128.82,0.37,0.007,0,0.0
1779237974379,122.53,31.17,128.82,0.37,0.007,0,0.0
1779237974419,122.57,31.18,128.82,0.37,0.007,0,0.0
1779237974454,122.59,31.18,128.83,0.37,0.008,0,0.0
1779237974484,122.55,31.18,128.81,0.38,0.007,0,0.0
1779237974516,122.59,31.19,128.82,0.38,0.007,0,0.0
1779237974549,122.63,31.20,128.82,0.38,0.007,0,0.0
1779237974581,122.68,31.21,128.81,0.39,0.007,0,0.0
1779237974627,122.74,31.22,128.81,0.39,0.007,0,0.0
1779237974647,122.95,31.26,128.80,0.40,0.007,0,0.0
1779237974680,122.97,31.26,128.80,0.42,0.008,0,0.0
1779237974716,123.00,31.27,128.80,0.43,0.008,0,0.0
1779237974751,123.03,31.27,128.80,0.44,0.008,0,0.0
1779237974791,123.05,31.28,128.80,0.46,0.008,0,0.0
1779237974821,123.08,31.28,128.80,0.47,0.008,0,0.0
1779237974860,122.47,31.12,128.79,0.47,0.006,0,0.0
1779237974884,122.46,31.14,128.79,0.47,0.006,0,0.0
1779237974912,122.46,31.16,128.80,0.47,0.005,0,0.0
1779237974950,122.28,31.13,128.80,0.47,0.004,0,0.0
1779237974986,121.96,31.04,128.80,0.48,0.003,0,0.0
1779237975019,121.69,30.99,128.80,0.50,0.002,0,0.0
1779237975065,121.63,30.98,128.80,0.52,0.000,0,0.0
1779237975078,121.53,30.96,128.81,0.54,0.000,0,0.0
1779237975118,121.56,30.98,128.82,0.56,0.000,0,0.0
1779237975148,121.62,31.00,128.81,0.54,0.000,0,0.0
1779237975188,121.68,31.01,128.82,0.52,0.001,0,0.0
1779237975218,121.73,31.02,128.82,0.49,0.002,0,0.0
1779237975261,121.75,31.02,128.82,0.51,0.003,0,0.0
1779237975294,121.77,31.03,128.82,0.52,0.003,0,0.0
1779237975322,121.78,31.02,128.82,0.53,0.003,0,0.0
1779237975361,121.77,31.02,128.82,0.54,0.004,0,0.0
1779237975386,121.79,31.03,128.82,0.54,0.004,0,0.0
1779237975415,121.82,31.04,128.83,0.55,0.004,0,0.0
1779237975461,121.87,31.05,128.83,0.55,0.005,0,0.0
1779237975484,121.92,31.07,128.83,0.55,0.005,0,0.0
1779237975516,121.93,31.08,128.83,0.54,0.005,0,0.0
1779237975548,121.97,31.08,128.83,0.54,0.005,0,0.0
1779237975599,122.16,31.11,128.82,0.53,0.006,0,0.0
1779237975622,122.18,31.11,128.81,0.52,0.006,0,0.0
1779237975650,122.18,31.11,128.82,0.49,0.006,0,0.0
1779237975677,122.18,31.11,128.82,0.47,0.007,0,0.0
1779237975709,122.19,31.11,128.82,0.43,0.007,0,0.0
1779237975751,122.21,31.12,128.82,0.39,0.007,0,0.0
1779237975786,122.23,31.12,128.81,0.34,0.007,0,0.0
1779237975817,122.15,31.10,128.81,0.28,0.006,0,0.0
1779237975850,121.85,31.04,128.82,0.26,0.005,0,0.0
1779237975884,121.66,31.00,128.81,0.25,0.005,0,0.0
1779237975926,121.62,30.97,128.82,0.23,0.003,0,0.0
1779237975951,121.66,30.98,128.81,0.22,0.003,0,0.0
1779237975979,122.34,31.10,128.80,0.24,0.004,0,0.0
1779237976015,122.41,31.14,128.81,0.25,0.006,0,0.0
1779237976061,122.46,31.14,128.81,0.27,0.007,0,0.0
1779237976078,122.50,31.15,128.80,0.28,0.007,0,0.0
1779237976110,122.55,31.15,128.80,0.29,0.008,0,0.0
1779237976150,122.60,31.16,128.80,0.30,0.008,0,0.0
1779237976195,122.62,31.16,128.80,0.31,0.008,0,0.0
1779237976224,122.64,31.16,128.80,0.32,0.008,0,0.0
1779237976257,122.67,31.18,128.79,0.33,0.008,0,0.0
1779237976287,122.75,31.18,128.80,0.34,0.008,0,0.0
1779237976315,122.82,31.21,128.79,0.35,0.008,0,0.0
1779237976343,122.94,31.23,128.79,0.37,0.008,0,0.0
1779237976389,122.94,31.22,128.78,0.38,0.008,0,0.0
1779237976415,122.96,31.22,128.77,0.39,0.008,0,0.0
1779237976465,122.74,31.18,128.77,0.39,0.007,0,0.0
1779237976486,122.68,31.15,128.77,0.39,0.007,0,0.0
1779237976524,122.81,31.18,128.77,0.39,0.006,0,0.0
1779237976551,122.70,31.18,128.77,0.39,0.006,0,0.0
1779237976584,122.63,31.17,128.77,0.38,0.006,0,0.0
1779237976617,122.94,32.94,128.88,0.39,0.006,0,0.0
1779237976653,122.83,32.82,128.87,0.39,0.006,0,0.0
1779237976688,122.47,32.25,128.85,0.39,0.006,0,0.0
1779237976717,122.03,31.31,128.79,0.40,0.005,0,0.0
1779237976747,121.90,31.16,128.79,0.41,0.003,0,0.0
1779237976796,121.84,30.97,128.77,0.42,0.001,0,0.0
1779237976814,121.83,30.97,128.78,0.43,0.001,0,0.0
1779237976863,121.73,30.97,128.78,0.44,0.001,0,0.0
1779237976889,121.87,31.00,128.79,0.43,0.001,0,0.0
1779237976925,121.83,30.99,128.78,0.41,0.002,0,0.0
1779237976950,121.88,31.00,128.78,0.40,0.002,0,0.0
1779237976987,121.92,31.00,128.79,0.41,0.003,0,0.0
1779237977014,121.92,31.01,128.79,0.42,0.003,0,0.0
1779237977068,121.92,31.00,128.79,0.43,0.004,0,0.0
1779237977086,121.92,31.01,128.79,0.44,0.004,0,0.0
1779237977112,121.97,31.02,128.79,0.45,0.004,0,0.0
1779237977153,122.07,31.04,128.79,0.45,0.005,0,0.0
1779237977187,122.32,31.08,128.78,0.45,0.005,0,0.0
1779237977214,122.39,31.09,128.78,0.44,0.006,0,0.0
1779237977263,122.43,31.10,128.78,0.44,0.007,0,0.0
1779237977284,122.49,31.11,128.77,0.43,0.007,0,0.0
1779237977316,122.54,31.12,128.77,0.42,0.007,0,0.0
1779237977354,122.56,31.12,128.77,0.41,0.007,0,0.0
1779237977386,122.69,31.15,128.76,0.40,0.008,0,0.0
1779237977412,122.58,31.14,128.76,0.38,0.008,0,0.0
1779237977465,122.56,31.14,128.77,0.38,0.007,0,0.0
1779237977487,122.53,31.13,128.77,0.37,0.007,0,0.0
1779237977561,122.02,30.99,128.76,0.36,0.005,0,0.0
1779237977587,121.86,30.96,128.77,0.36,0.003,0,0.0
1779237977614,121.83,30.95,128.77,0.36,0.003,0,0.0
1779237977646,121.84,30.96,128.77,0.33,0.003,0,0.0
1779237977691,121.73,30.95,128.77,0.32,0.002,0,0.0
1779237977722,121.87,30.98,128.78,0.31,0.002,0,0.0
1779237977753,121.98,31.01,128.78,0.31,0.003,0,0.0
1779237977784,122.04,31.01,128.78,0.31,0.003,0,0.0
1779237977818,121.91,30.98,128.78,0.31,0.004,0,0.0
1779237977854,121.93,30.99,128.78,0.31,0.004,0,0.0
1779237977885,121.96,31.00,128.79,0.30,0.004,0,0.0
1779237977916,121.98,31.00,128.78,0.30,0.004,0,0.0
1779237977950,122.01,31.01,128.78,0.29,0.005,0,0.0
1779237977984,122.08,31.03,128.78,0.29,0.005,0,0.0
1779237978016,122.27,31.07,128.78,0.29,0.006,0,0.0
1779237978055,122.32,31.08,128.77,0.29,0.006,0,0.0
1779237978089,122.42,31.09,128.77,0.29,0.007,0,0.0
1779237978112,122.45,31.10,128.77,0.29,0.007,0,0.0
1779237978146,122.48,31.11,128.78,0.29,0.007,0,0.0
1779237978187,122.53,31.11,128.77,0.29,0.007,0,0.0
1779237978215,122.56,31.12,128.77,0.30,0.007,0,0.0
1779237978245,122.57,31.12,128.77,0.31,0.007,0,0.0
1779237978288,122.71,31.15,128.76,0.32,0.007,0,0.0
1779237978325,122.63,31.16,128.77,0.32,0.007,0,0.0
1779237978359,122.59,31.15,128.77,0.32,0.007,0,0.0
1779237978379,122.39,31.10,128.77,0.32,0.006,0,0.0
1779237978414,121.73,30.92,128.75,0.32,0.005,0,0.0
1779237978491,121.61,30.92,128.77,0.33,0.001,0,0.0
1779237978523,121.60,30.91,128.76,0.34,0.001,0,0.0
1779237978546,121.60,30.91,128.77,0.34,0.000,0,0.0
1779237978581,121.76,30.97,128.78,0.35,0.001,0,0.0
1779237978612,122.11,31.02,128.77,0.35,0.001,0,0.0